{
  "timestamp": "2026-07-17T06:30:07.187216+00:00",
  "vix": 16.73,
  "dxy": 100.698,
  "us10y": 4.569,
  "gold": 4006.2,
  "dxy_30d_avg": 100.65293375651042,
  "gold_20d_avg": 4078.0750122070312
}