{
  "timestamp": "2026-06-10T08:56:12.023270+00:00",
  "vix": 20.49,
  "dxy": 99.923,
  "us10y": 4.552,
  "gold": 4191.2998,
  "dxy_30d_avg": 98.91183369954427,
  "gold_20d_avg": 4479.539965820312
}