{
  "timestamp": "2026-06-28T05:22:56.133965+00:00",
  "vix": 18.41,
  "dxy": 101.36,
  "us10y": 4.372,
  "gold": 4096.2998,
  "dxy_30d_avg": 99.71200002034506,
  "gold_20d_avg": 4272.730004882813
}