{
  "timestamp": "2026-07-23T23:03:40.341872+00:00",
  "vix": 18.7,
  "dxy": 101.437,
  "us10y": 4.703,
  "gold": 4052.3999,
  "dxy_30d_avg": 100.83156661987304,
  "gold_20d_avg": 4066.1250122070314
}