{
  "timestamp": "2026-06-16T21:13:04.958720+00:00",
  "vix": 16.41,
  "dxy": 99.545,
  "us10y": 4.428,
  "gold": 4353.0,
  "dxy_30d_avg": 99.12563349405924,
  "gold_20d_avg": 4400.519982910157
}