{
  "timestamp": "2026-06-22T10:11:55.996363+00:00",
  "vix": 17.5,
  "dxy": 100.879,
  "us10y": 4.451,
  "gold": 4227.1001,
  "dxy_30d_avg": 99.36129989624024,
  "gold_20d_avg": 4361.059997558594
}