{
  "timestamp": "2026-06-17T20:24:57.737136+00:00",
  "vix": 18.41,
  "dxy": 100.476,
  "us10y": 4.463,
  "gold": 4277.0,
  "dxy_30d_avg": 99.1921999613444,
  "gold_20d_avg": 4387.909997558594
}