{
  "timestamp": "2026-07-03T14:25:03.670531+00:00",
  "vix": 15.94,
  "dxy": 100.832,
  "us10y": 4.372,
  "gold": 4174.1001,
  "dxy_30d_avg": 100.13640009562174,
  "gold_20d_avg": 4170.070007324219
}