{
  "timestamp": "2026-07-02T05:04:05.983117+00:00",
  "vix": 16.59,
  "dxy": 101.322,
  "us10y": 4.372,
  "gold": 4076.3999,
  "dxy_30d_avg": 100.0943000793457,
  "gold_20d_avg": 4183.244982910156
}