{
  "timestamp": "2026-06-22T05:13:30.837202+00:00",
  "vix": 16.4,
  "dxy": 100.91,
  "us10y": 4.451,
  "gold": 4199.0,
  "dxy_30d_avg": 99.36229985555013,
  "gold_20d_avg": 4359.645007324219
}