{
  "timestamp": "2026-07-22T09:31:50.026510+00:00",
  "vix": 17.38,
  "dxy": 101.121,
  "us10y": 4.628,
  "gold": 4123.8999,
  "dxy_30d_avg": 100.78006693522136,
  "gold_20d_avg": 4061.8600341796873
}