{
  "timestamp": "2026-07-02T16:56:09.002442+00:00",
  "vix": 16.68,
  "dxy": 100.803,
  "us10y": 4.477,
  "gold": 4129.0,
  "dxy_30d_avg": 100.07713343302409,
  "gold_20d_avg": 4185.899987792969
}