{
  "timestamp": "2026-07-20T03:56:08.464216+00:00",
  "vix": 18.77,
  "dxy": 100.714,
  "us10y": 4.541,
  "gold": 4031.8,
  "dxy_30d_avg": 100.69810028076172,
  "gold_20d_avg": 4068.785009765625
}