{
  "timestamp": "2026-07-02T22:13:40.109787+00:00",
  "vix": 16.15,
  "dxy": 100.847,
  "us10y": 4.485,
  "gold": 4139.0,
  "dxy_30d_avg": 100.07856674194336,
  "gold_20d_avg": 4186.399987792969
}