{
  "timestamp": "2026-06-17T22:48:36.389478+00:00",
  "vix": 18.44,
  "dxy": 100.388,
  "us10y": 4.463,
  "gold": 4284.3999,
  "dxy_30d_avg": 99.18926671346028,
  "gold_20d_avg": 4388.289978027344
}