{
  "timestamp": "2026-07-21T14:09:43.229527+00:00",
  "vix": 17.88,
  "dxy": 101.082,
  "us10y": 4.632,
  "gold": 4057.6001,
  "dxy_30d_avg": 100.7410669962565,
  "gold_20d_avg": 4061.480017089844
}