{
  "timestamp": "2026-06-25T04:13:21.341155+00:00",
  "vix": 18.63,
  "dxy": 101.483,
  "us10y": 4.402,
  "gold": 4010.8,
  "dxy_30d_avg": 99.71376673380534,
  "gold_20d_avg": 4291.895007324219
}