{
  "timestamp": "2026-06-23T12:11:43.061997+00:00",
  "vix": 19.52,
  "dxy": 101.297,
  "us10y": 4.451,
  "gold": 4143.5,
  "dxy_30d_avg": 99.48126653035482,
  "gold_20d_avg": 4339.915002441407
}