{
  "timestamp": "2026-06-16T11:26:58.863118+00:00",
  "vix": 16.17,
  "dxy": 99.572,
  "us10y": 4.487,
  "gold": 4360.6001,
  "dxy_30d_avg": 99.08810017903646,
  "gold_20d_avg": 4400.899987792969
}