{
  "timestamp": "2026-07-21T06:34:32.009278+00:00",
  "vix": 18.65,
  "dxy": 100.909,
  "us10y": 4.598,
  "gold": 4078.0,
  "dxy_30d_avg": 100.7353001912435,
  "gold_20d_avg": 4062.4650146484373
}