{
  "timestamp": "2026-06-23T21:03:48.810716+00:00",
  "vix": 19.49,
  "dxy": 101.378,
  "us10y": 4.493,
  "gold": 4127.8999,
  "dxy_30d_avg": 99.48389994303385,
  "gold_20d_avg": 4339.134997558594
}