{
  "timestamp": "2026-06-30T20:13:23.927290+00:00",
  "vix": 16.28,
  "dxy": 101.133,
  "us10y": 4.418,
  "gold": 4032.5,
  "dxy_30d_avg": 99.94443359375,
  "gold_20d_avg": 4222.805004882813
}