{
  "timestamp": "2026-06-23T15:56:55.248412+00:00",
  "vix": 19.67,
  "dxy": 101.395,
  "us10y": 4.483,
  "gold": 4154.1001,
  "dxy_30d_avg": 99.48449986775717,
  "gold_20d_avg": 4340.445007324219
}