{
  "timestamp": "2026-06-15T07:30:34.649483+00:00",
  "vix": 16.77,
  "dxy": 99.527,
  "us10y": 4.487,
  "gold": 4334.2002,
  "dxy_30d_avg": 99.08666687011718,
  "gold_20d_avg": 4410.804992675781
}