{
  "timestamp": "2026-07-01T20:10:31.233159+00:00",
  "vix": 16.39,
  "dxy": 101.396,
  "us10y": 4.475,
  "gold": 4051.2,
  "dxy_30d_avg": 100.0272336324056,
  "gold_20d_avg": 4200.4
}