{
  "timestamp": "2026-07-03T11:38:10.106595+00:00",
  "vix": 15.98,
  "dxy": 100.73,
  "us10y": 4.372,
  "gold": 4196.1001,
  "dxy_30d_avg": 100.13296661376953,
  "gold_20d_avg": 4171.120007324219
}