{
  "timestamp": "2026-07-03T18:17:45.160448+00:00",
  "vix": 15.81,
  "dxy": 100.834,
  "us10y": 4.372,
  "gold": 4187.2998,
  "dxy_30d_avg": 100.13646672566732,
  "gold_20d_avg": 4170.659997558594
}