{
  "timestamp": "2026-06-24T19:57:13.907642+00:00",
  "vix": 19.97,
  "dxy": 101.597,
  "us10y": 4.402,
  "gold": 4000.8999,
  "dxy_30d_avg": 99.60690002441406,
  "gold_20d_avg": 4314.259997558594
}