{
  "timestamp": "2026-07-17T10:06:09.181677+00:00",
  "vix": 18.4,
  "dxy": 100.771,
  "us10y": 4.569,
  "gold": 4001.0,
  "dxy_30d_avg": 100.65536727905274,
  "gold_20d_avg": 4077.8150146484377
}