{
  "timestamp": "2026-07-17T07:33:10.045537+00:00",
  "vix": 17.96,
  "dxy": 100.704,
  "us10y": 4.569,
  "gold": 4001.1001,
  "dxy_30d_avg": 100.65316721598307,
  "gold_20d_avg": 4077.82001953125
}