{
  "timestamp": "2026-07-17T06:52:06.026558+00:00",
  "vix": 16.73,
  "dxy": 100.689,
  "us10y": 4.569,
  "gold": 4001.2,
  "dxy_30d_avg": 100.65266723632813,
  "gold_20d_avg": 4077.835009765625
}