{
  "timestamp": "2026-07-22T16:10:45.458262+00:00",
  "vix": 16.83,
  "dxy": 101.093,
  "us10y": 4.646,
  "gold": 4163.8999,
  "dxy_30d_avg": 100.77906697591146,
  "gold_20d_avg": 4063.87001953125
}