{
  "timestamp": "2026-06-23T15:20:33.830830+00:00",
  "vix": 19.4,
  "dxy": 101.393,
  "us10y": 4.489,
  "gold": 4142.2002,
  "dxy_30d_avg": 99.48443323771158,
  "gold_20d_avg": 4339.804992675781
}