{
  "timestamp": "2026-07-02T14:20:56.590984+00:00",
  "vix": 15.87,
  "dxy": 100.726,
  "us10y": 4.479,
  "gold": 4138.2002,
  "dxy_30d_avg": 100.07430013020833,
  "gold_20d_avg": 4186.359997558594
}