{
  "timestamp": "2026-06-30T22:19:02.586922+00:00",
  "vix": 16.45,
  "dxy": 101.172,
  "us10y": 4.418,
  "gold": 4029.0,
  "dxy_30d_avg": 99.94573338826497,
  "gold_20d_avg": 4222.635009765625
}