{
  "timestamp": "2026-06-16T12:35:05.116257+00:00",
  "vix": 16.09,
  "dxy": 99.669,
  "us10y": 4.487,
  "gold": 4362.6001,
  "dxy_30d_avg": 99.09123357137044,
  "gold_20d_avg": 4400.999987792969
}