{
  "timestamp": "2026-06-23T04:10:02.394761+00:00",
  "vix": 17.28,
  "dxy": 101.003,
  "us10y": 4.509,
  "gold": 4181.8999,
  "dxy_30d_avg": 99.47139994303386,
  "gold_20d_avg": 4358.790002441407
}