{
  "timestamp": "2026-06-09T23:22:29.284376+00:00",
  "vix": 19.87,
  "dxy": 99.995,
  "us10y": 4.528,
  "gold": 4265.3999,
  "dxy_30d_avg": 98.91416702270507,
  "gold_20d_avg": 4504.149975585938
}