{
  "timestamp": "2026-06-11T10:50:59.558862+00:00",
  "vix": 20.75,
  "dxy": 100.131,
  "us10y": 4.542,
  "gold": 4112.1001,
  "dxy_30d_avg": 98.9960334777832,
  "gold_20d_avg": 4446.139965820313
}