{
  "timestamp": "2026-06-11T00:23:32.638559+00:00",
  "vix": 22.22,
  "dxy": 100.01,
  "us10y": 4.542,
  "gold": 4077.0,
  "dxy_30d_avg": 98.95766703287761,
  "gold_20d_avg": 4473.824975585938
}