{
  "timestamp": "2026-07-20T18:10:55.948214+00:00",
  "vix": 18.06,
  "dxy": 100.954,
  "us10y": 4.6,
  "gold": 4011.3999,
  "dxy_30d_avg": 100.70610046386719,
  "gold_20d_avg": 4067.765002441406
}