{
  "timestamp": "2026-06-29T09:54:03.156817+00:00",
  "vix": 18.4,
  "dxy": 101.295,
  "us10y": 4.372,
  "gold": 4057.7,
  "dxy_30d_avg": 99.8884999593099,
  "gold_20d_avg": 4246.695007324219
}