{
  "timestamp": "2026-07-21T00:03:00.319106+00:00",
  "vix": 18.65,
  "dxy": 100.973,
  "us10y": 4.598,
  "gold": 4011.8999,
  "dxy_30d_avg": 100.70676701863607,
  "gold_20d_avg": 4067.800012207031
}