{
  "timestamp": "2026-07-22T17:38:15.257698+00:00",
  "vix": 16.8,
  "dxy": 101.122,
  "us10y": 4.654,
  "gold": 4151.0,
  "dxy_30d_avg": 100.78006693522136,
  "gold_20d_avg": 4063.2150146484373
}