{
  "timestamp": "2026-07-21T11:51:58.830809+00:00",
  "vix": 17.75,
  "dxy": 100.958,
  "us10y": 4.598,
  "gold": 4062.3,
  "dxy_30d_avg": 100.73693364461263,
  "gold_20d_avg": 4061.730017089844
}