{
  "timestamp": "2026-07-21T13:18:13.893981+00:00",
  "vix": 17.85,
  "dxy": 101.024,
  "us10y": 4.606,
  "gold": 4063.3,
  "dxy_30d_avg": 100.73910039265951,
  "gold_20d_avg": 4061.7800170898436
}