{
  "timestamp": "2026-06-26T09:42:02.983116+00:00",
  "vix": 20.28,
  "dxy": 101.23,
  "us10y": 4.451,
  "gold": 4060.8999,
  "dxy_30d_avg": 99.80363311767579,
  "gold_20d_avg": 4270.955017089844
}