{
  "timestamp": "2026-06-25T11:45:31.105555+00:00",
  "vix": 18.16,
  "dxy": 101.727,
  "us10y": 4.451,
  "gold": 3991.5,
  "dxy_30d_avg": 99.72193323771158,
  "gold_20d_avg": 4290.930004882813
}