{
  "timestamp": "2026-06-18T21:25:02.530415+00:00",
  "vix": 16.4,
  "dxy": 100.811,
  "us10y": 4.451,
  "gold": 4227.8999,
  "dxy_30d_avg": 99.27236658732096,
  "gold_20d_avg": 4376.874987792969
}