{
  "timestamp": "2026-07-24T16:48:46.837480+00:00",
  "vix": 17.64,
  "dxy": 101.368,
  "us10y": 4.659,
  "gold": 4070.5,
  "dxy_30d_avg": 100.87863362630209,
  "gold_20d_avg": 4067.8350219726562
}