{
  "timestamp": "2026-07-20T13:11:24.599729+00:00",
  "vix": 18.22,
  "dxy": 100.867,
  "us10y": 4.564,
  "gold": 4014.8999,
  "dxy_30d_avg": 100.70323359171549,
  "gold_20d_avg": 4067.9550048828123
}