{
  "timestamp": "2026-07-21T03:35:00.416861+00:00",
  "vix": 18.65,
  "dxy": 100.987,
  "us10y": 4.598,
  "gold": 4046.5,
  "dxy_30d_avg": 100.73793360392253,
  "gold_20d_avg": 4060.94501953125
}