{
  "timestamp": "2026-06-21T19:54:47.609836+00:00",
  "vix": 16.4,
  "dxy": 100.85,
  "us10y": 4.451,
  "gold": 4172.8999,
  "dxy_30d_avg": 99.27366663614909,
  "gold_20d_avg": 4358.340002441406
}