{
  "timestamp": "2026-06-24T21:37:52.496096+00:00",
  "vix": 18.63,
  "dxy": 101.575,
  "us10y": 4.402,
  "gold": 4016.3999,
  "dxy_30d_avg": 99.60616658528646,
  "gold_20d_avg": 4315.034997558594
}