{
  "timestamp": "2026-07-23T15:48:26.290712+00:00",
  "vix": 20.14,
  "dxy": 101.497,
  "us10y": 4.71,
  "gold": 4050.8,
  "dxy_30d_avg": 100.8335334777832,
  "gold_20d_avg": 4066.0750122070312
}