{
  "timestamp": "2026-06-30T12:17:09.406733+00:00",
  "vix": 17.49,
  "dxy": 101.377,
  "us10y": 4.372,
  "gold": 4044.7,
  "dxy_30d_avg": 99.95260009765624,
  "gold_20d_avg": 4223.4
}