{
  "timestamp": "2026-07-23T13:25:23.041812+00:00",
  "vix": 19.26,
  "dxy": 101.475,
  "us10y": 4.71,
  "gold": 4044.5,
  "dxy_30d_avg": 100.83286666870117,
  "gold_20d_avg": 4065.785021972656
}