{
  "timestamp": "2026-06-19T17:23:18.734586+00:00",
  "vix": 16.78,
  "dxy": 100.785,
  "us10y": 4.451,
  "gold": 4172.8999,
  "dxy_30d_avg": 99.27150014241536,
  "gold_20d_avg": 4358.340002441406
}