{
  "timestamp": "2026-06-25T22:25:50.802183+00:00",
  "vix": 18.89,
  "dxy": 101.441,
  "us10y": 4.392,
  "gold": 4038.3,
  "dxy_30d_avg": 99.71236673990886,
  "gold_20d_avg": 4293.290002441407
}