{
  "timestamp": "2026-07-20T10:18:02.064671+00:00",
  "vix": 18.36,
  "dxy": 100.799,
  "us10y": 4.541,
  "gold": 4024.3999,
  "dxy_30d_avg": 100.70093358357748,
  "gold_20d_avg": 4068.4200073242187
}