{
  "timestamp": "2026-07-24T18:23:32.410128+00:00",
  "vix": 17.94,
  "dxy": 101.463,
  "us10y": 4.679,
  "gold": 4065.3,
  "dxy_30d_avg": 100.88176676432292,
  "gold_20d_avg": 4067.5750244140627
}