{
  "timestamp": "2026-06-11T12:06:45.235646+00:00",
  "vix": 20.86,
  "dxy": 100.058,
  "us10y": 4.542,
  "gold": 4107.3999,
  "dxy_30d_avg": 98.99360020955403,
  "gold_20d_avg": 4445.90498046875
}