{
  "timestamp": "2026-07-21T18:18:58.779264+00:00",
  "vix": 17.06,
  "dxy": 101.181,
  "us10y": 4.632,
  "gold": 4074.8999,
  "dxy_30d_avg": 100.74436696370442,
  "gold_20d_avg": 4062.360009765625
}