{
  "timestamp": "2026-07-22T13:57:09.731126+00:00",
  "vix": 17.22,
  "dxy": 101.068,
  "us10y": 4.638,
  "gold": 4149.7998,
  "dxy_30d_avg": 100.77826690673828,
  "gold_20d_avg": 4063.19501953125
}