{
  "timestamp": "2026-06-11T18:22:39.371866+00:00",
  "vix": 20.12,
  "dxy": 99.912,
  "us10y": 4.485,
  "gold": 4164.6001,
  "dxy_30d_avg": 98.98866704305013,
  "gold_20d_avg": 4448.744970703125
}