{
  "timestamp": "2026-06-18T14:15:55.247649+00:00",
  "vix": 17.21,
  "dxy": 100.654,
  "us10y": 4.434,
  "gold": 4260.7998,
  "dxy_30d_avg": 99.26710001627605,
  "gold_20d_avg": 4378.515002441406
}