{
  "timestamp": "2026-07-21T17:10:49.032321+00:00",
  "vix": 17.05,
  "dxy": 101.107,
  "us10y": 4.624,
  "gold": 4076.3999,
  "dxy_30d_avg": 100.7418337504069,
  "gold_20d_avg": 4062.3900146484375
}