{
  "timestamp": "2026-07-22T03:26:41.448898+00:00",
  "vix": 17.05,
  "dxy": 101.144,
  "us10y": 4.628,
  "gold": 4142.8999,
  "dxy_30d_avg": 100.7808001200358,
  "gold_20d_avg": 4062.82001953125
}