{
  "timestamp": "2026-06-30T18:05:02.471614+00:00",
  "vix": 16.63,
  "dxy": 101.179,
  "us10y": 4.41,
  "gold": 4046.3,
  "dxy_30d_avg": 99.94596684773764,
  "gold_20d_avg": 4223.495007324219
}