{
  "timestamp": "2026-06-09T21:54:12.827423+00:00",
  "vix": 19.87,
  "dxy": 100.0,
  "us10y": 4.528,
  "gold": 4284.7998,
  "dxy_30d_avg": 98.91430028279622,
  "gold_20d_avg": 4505.119970703125
}