{
  "timestamp": "2026-06-12T13:33:33.132829+00:00",
  "vix": 19.33,
  "dxy": 99.76,
  "us10y": 4.487,
  "gold": 4226.6001,
  "dxy_30d_avg": 99.04296696980795,
  "gold_20d_avg": 4422.464978027344
}