{
  "timestamp": "2026-07-01T00:15:13.452522+00:00",
  "vix": 16.45,
  "dxy": 101.239,
  "us10y": 4.418,
  "gold": 4019.7,
  "dxy_30d_avg": 99.94790013631184,
  "gold_20d_avg": 4222.165002441407
}