{
  "timestamp": "2026-06-09T12:11:28.715487+00:00",
  "vix": 18.09,
  "dxy": 99.71,
  "us10y": 4.552,
  "gold": 4365.3999,
  "dxy_30d_avg": 98.9046002705892,
  "gold_20d_avg": 4509.144970703125
}