{
  "timestamp": "2026-06-10T12:31:09.416523+00:00",
  "vix": 21.96,
  "dxy": 99.973,
  "us10y": 4.552,
  "gold": 4159.2998,
  "dxy_30d_avg": 98.91346689860026,
  "gold_20d_avg": 4477.9649658203125
}