{
  "timestamp": "2026-06-11T14:46:51.854173+00:00",
  "vix": 21.42,
  "dxy": 100.228,
  "us10y": 4.525,
  "gold": 4098.3999,
  "dxy_30d_avg": 98.99923350016276,
  "gold_20d_avg": 4445.439965820313
}