{
  "timestamp": "2026-07-23T06:34:44.866492+00:00",
  "vix": 16.64,
  "dxy": 100.983,
  "us10y": 4.657,
  "gold": 4127.7002,
  "dxy_30d_avg": 100.81646677652995,
  "gold_20d_avg": 4069.8750122070314
}