{
  "timestamp": "2026-06-22T12:19:59.654319+00:00",
  "vix": 17.27,
  "dxy": 100.865,
  "us10y": 4.451,
  "gold": 4226.1001,
  "dxy_30d_avg": 99.36083323160807,
  "gold_20d_avg": 4361.000012207031
}