{
  "timestamp": "2026-07-02T00:16:11.420990+00:00",
  "vix": 16.59,
  "dxy": 101.392,
  "us10y": 4.475,
  "gold": 4051.6001,
  "dxy_30d_avg": 100.02706680297851,
  "gold_20d_avg": 4200.414990234375
}