{
  "timestamp": "2026-07-01T05:46:06.422213+00:00",
  "vix": 16.45,
  "dxy": 101.289,
  "us10y": 4.372,
  "gold": 3989.0,
  "dxy_30d_avg": 100.02363357543945,
  "gold_20d_avg": 4197.319995117187
}