{
  "timestamp": "2026-06-17T13:42:03.646658+00:00",
  "vix": 16.06,
  "dxy": 99.625,
  "us10y": 4.432,
  "gold": 4354.5,
  "dxy_30d_avg": 99.16376673380533,
  "gold_20d_avg": 4391.809997558594
}