{
  "timestamp": "2026-06-22T17:44:25.377091+00:00",
  "vix": 17.23,
  "dxy": 101.008,
  "us10y": 4.509,
  "gold": 4196.5,
  "dxy_30d_avg": 99.36566670735677,
  "gold_20d_avg": 4359.490002441406
}