{
  "timestamp": "2026-07-01T12:42:38.879298+00:00",
  "vix": 16.68,
  "dxy": 101.452,
  "us10y": 4.485,
  "gold": 4044.8999,
  "dxy_30d_avg": 100.02906697591146,
  "gold_20d_avg": 4200.084997558593
}