{
  "timestamp": "2026-06-15T06:46:18.222797+00:00",
  "vix": 17.68,
  "dxy": 99.553,
  "us10y": 4.487,
  "gold": 4327.3999,
  "dxy_30d_avg": 99.08740030924479,
  "gold_20d_avg": 4410.464978027344
}