{
  "timestamp": "2026-07-22T13:22:36.178803+00:00",
  "vix": 17.35,
  "dxy": 101.123,
  "us10y": 4.642,
  "gold": 4128.1001,
  "dxy_30d_avg": 100.78013356526692,
  "gold_20d_avg": 4062.080029296875
}