{
  "timestamp": "2026-07-22T18:14:00.203341+00:00",
  "vix": 16.9,
  "dxy": 101.141,
  "us10y": 4.657,
  "gold": 4143.2002,
  "dxy_30d_avg": 100.78070017496745,
  "gold_20d_avg": 4062.8400146484373
}