{
  "timestamp": "2026-07-20T00:03:15.804771+00:00",
  "vix": 18.77,
  "dxy": 100.842,
  "us10y": 4.541,
  "gold": 3999.1001,
  "dxy_30d_avg": 100.70240046183268,
  "gold_20d_avg": 4067.150012207031
}