{
  "timestamp": "2026-06-12T16:50:32.508158+00:00",
  "vix": 18.76,
  "dxy": 99.745,
  "us10y": 4.481,
  "gold": 4237.5,
  "dxy_30d_avg": 99.04260025024413,
  "gold_20d_avg": 4422.979968261719
}