{
  "timestamp": "2026-07-17T18:11:29.278401+00:00",
  "vix": 18.22,
  "dxy": 100.782,
  "us10y": 4.545,
  "gold": 4014.2,
  "dxy_30d_avg": 100.65573374430339,
  "gold_20d_avg": 4078.4900146484374
}