{
  "timestamp": "2026-06-18T10:43:21.863754+00:00",
  "vix": 17.06,
  "dxy": 100.666,
  "us10y": 4.487,
  "gold": 4285.6001,
  "dxy_30d_avg": 99.26753336588541,
  "gold_20d_avg": 4379.740002441406
}