{
  "timestamp": "2026-06-11T21:27:06.062976+00:00",
  "vix": 19.44,
  "dxy": 99.674,
  "us10y": 4.463,
  "gold": 4233.7998,
  "dxy_30d_avg": 98.98080037434896,
  "gold_20d_avg": 4452.2149658203125
}