{
  "timestamp": "2026-06-12T09:05:47.755268+00:00",
  "vix": 18.85,
  "dxy": 99.726,
  "us10y": 4.463,
  "gold": 4246.1001,
  "dxy_30d_avg": 99.04183349609374,
  "gold_20d_avg": 4423.454968261719
}