{
  "timestamp": "2026-06-11T05:58:28.248804+00:00",
  "vix": 19.87,
  "dxy": 99.944,
  "us10y": 4.528,
  "gold": 4120.7002,
  "dxy_30d_avg": 98.95546696980794,
  "gold_20d_avg": 4446.559985351562
}