{
  "timestamp": "2026-07-20T20:25:58.798283+00:00",
  "vix": 18.68,
  "dxy": 100.973,
  "us10y": 4.598,
  "gold": 4011.3,
  "dxy_30d_avg": 100.70676701863607,
  "gold_20d_avg": 4067.760009765625
}