{
  "timestamp": "2026-07-23T00:07:33.324303+00:00",
  "vix": 16.64,
  "dxy": 101.118,
  "us10y": 4.657,
  "gold": 4135.0,
  "dxy_30d_avg": 100.77993342081706,
  "gold_20d_avg": 4062.4250244140626
}