{
  "timestamp": "2026-07-02T20:23:51.680953+00:00",
  "vix": 16.2,
  "dxy": 100.87,
  "us10y": 4.485,
  "gold": 4132.7002,
  "dxy_30d_avg": 100.07933349609375,
  "gold_20d_avg": 4186.099987792969
}