{
  "timestamp": "2026-06-10T16:41:05.014326+00:00",
  "vix": 22.08,
  "dxy": 99.874,
  "us10y": 4.53,
  "gold": 4150.1001,
  "dxy_30d_avg": 98.95320027669271,
  "gold_20d_avg": 4477.4649658203125
}