{
  "timestamp": "2026-07-24T06:31:06.321180+00:00",
  "vix": 18.7,
  "dxy": 101.395,
  "us10y": 4.703,
  "gold": 4038.1001,
  "dxy_30d_avg": 100.87950007120769,
  "gold_20d_avg": 4066.2150268554688
}