{
  "timestamp": "2026-07-22T11:53:54.024960+00:00",
  "vix": 17.46,
  "dxy": 101.165,
  "us10y": 4.628,
  "gold": 4118.7002,
  "dxy_30d_avg": 100.78150024414063,
  "gold_20d_avg": 4061.5900146484373
}