{
  "timestamp": "2026-07-21T17:13:31.066156+00:00",
  "vix": 17.08,
  "dxy": 101.119,
  "us10y": 4.626,
  "gold": 4074.5,
  "dxy_30d_avg": 100.74230041503907,
  "gold_20d_avg": 4062.3400146484373
}