{
  "timestamp": "2026-07-17T06:21:36.260931+00:00",
  "vix": 16.73,
  "dxy": 100.744,
  "us10y": 4.569,
  "gold": 4002.7,
  "dxy_30d_avg": 100.65450057983398,
  "gold_20d_avg": 4077.8650146484374
}