{
  "timestamp": "2026-07-17T14:48:46.541467+00:00",
  "vix": 18.25,
  "dxy": 100.749,
  "us10y": 4.527,
  "gold": 4001.6001,
  "dxy_30d_avg": 100.65463383992513,
  "gold_20d_avg": 4077.82001953125
}