{
  "timestamp": "2026-07-21T15:33:02.044371+00:00",
  "vix": 17.21,
  "dxy": 101.111,
  "us10y": 4.62,
  "gold": 4081.3,
  "dxy_30d_avg": 100.74200032552083,
  "gold_20d_avg": 4062.6800170898437
}