{
  "timestamp": "2026-06-12T19:13:00.628070+00:00",
  "vix": 18.15,
  "dxy": 99.725,
  "us10y": 4.479,
  "gold": 4238.2998,
  "dxy_30d_avg": 99.04180018107097,
  "gold_20d_avg": 4423.049963378906
}