{
  "timestamp": "2026-06-29T04:48:00.224667+00:00",
  "vix": 18.41,
  "dxy": 101.37,
  "us10y": 4.372,
  "gold": 4072.8999,
  "dxy_30d_avg": 99.89103342692057,
  "gold_20d_avg": 4247.455017089844
}