{
  "timestamp": "2026-06-14T09:49:06.906476+00:00",
  "vix": 17.68,
  "dxy": 99.75,
  "us10y": 4.487,
  "gold": 4238.7998,
  "dxy_30d_avg": 99.04266688028972,
  "gold_20d_avg": 4423.074963378906
}