{
  "timestamp": "2026-07-22T17:17:19.631196+00:00",
  "vix": 16.74,
  "dxy": 101.124,
  "us10y": 4.65,
  "gold": 4151.6001,
  "dxy_30d_avg": 100.78016688028971,
  "gold_20d_avg": 4063.255029296875
}