{
  "timestamp": "2026-07-21T15:47:08.396248+00:00",
  "vix": 17.14,
  "dxy": 101.097,
  "us10y": 4.618,
  "gold": 4087.5,
  "dxy_30d_avg": 100.74156697591145,
  "gold_20d_avg": 4062.9550170898438
}