{
  "timestamp": "2026-07-21T23:59:27.963460+00:00",
  "vix": 17.05,
  "dxy": 101.197,
  "us10y": 4.628,
  "gold": 4085.6001,
  "dxy_30d_avg": 100.74490025838216,
  "gold_20d_avg": 4062.89501953125
}