{
  "timestamp": "2026-07-01T15:48:02.390570+00:00",
  "vix": 16.14,
  "dxy": 101.367,
  "us10y": 4.461,
  "gold": 4093.3,
  "dxy_30d_avg": 100.02616678873697,
  "gold_20d_avg": 4202.554992675781
}