{
  "timestamp": "2026-07-24T20:25:03.239389+00:00",
  "vix": 18.6,
  "dxy": 101.478,
  "us10y": 4.679,
  "gold": 4054.8999,
  "dxy_30d_avg": 100.88230005900066,
  "gold_20d_avg": 4067.0500244140626
}