{
  "timestamp": "2026-06-18T18:09:11.884227+00:00",
  "vix": 16.67,
  "dxy": 100.802,
  "us10y": 4.438,
  "gold": 4249.7998,
  "dxy_30d_avg": 99.27210006713867,
  "gold_20d_avg": 4377.969982910156
}