{
  "timestamp": "2026-06-25T14:47:13.098069+00:00",
  "vix": 18.91,
  "dxy": 101.413,
  "us10y": 4.375,
  "gold": 4037.6001,
  "dxy_30d_avg": 99.71146672566732,
  "gold_20d_avg": 4293.235009765625
}