{
  "timestamp": "2026-07-01T22:23:05.367151+00:00",
  "vix": 16.59,
  "dxy": 101.413,
  "us10y": 4.475,
  "gold": 4048.8,
  "dxy_30d_avg": 100.02776692708333,
  "gold_20d_avg": 4200.309997558594
}