{
  "timestamp": "2026-07-23T10:30:46.530890+00:00",
  "vix": 17.77,
  "dxy": 101.175,
  "us10y": 4.657,
  "gold": 4091.8999,
  "dxy_30d_avg": 100.82286682128907,
  "gold_20d_avg": 4068.0800170898438
}