{
  "timestamp": "2026-07-23T19:36:23.779076+00:00",
  "vix": 19.32,
  "dxy": 101.461,
  "us10y": 4.703,
  "gold": 4050.3,
  "dxy_30d_avg": 100.83236668904622,
  "gold_20d_avg": 4066.005017089844
}