{
  "timestamp": "2026-06-16T09:16:44.721845+00:00",
  "vix": 16.09,
  "dxy": 99.593,
  "us10y": 4.487,
  "gold": 4368.7002,
  "dxy_30d_avg": 99.0887669881185,
  "gold_20d_avg": 4401.294982910156
}