{
  "timestamp": "2026-07-23T07:38:21.116060+00:00",
  "vix": 17.55,
  "dxy": 101.039,
  "us10y": 4.657,
  "gold": 4112.0,
  "dxy_30d_avg": 100.81833343505859,
  "gold_20d_avg": 4069.105017089844
}