{
  "timestamp": "2026-07-03T00:13:47.395480+00:00",
  "vix": 16.15,
  "dxy": 100.965,
  "us10y": 4.485,
  "gold": 4142.7998,
  "dxy_30d_avg": 100.08249994913737,
  "gold_20d_avg": 4186.589978027344
}