{
  "timestamp": "2026-06-25T20:12:50.184741+00:00",
  "vix": 19.08,
  "dxy": 101.421,
  "us10y": 4.392,
  "gold": 4048.2,
  "dxy_30d_avg": 99.71173324584962,
  "gold_20d_avg": 4293.765002441406
}