{
  "timestamp": "2026-07-03T16:40:53.338791+00:00",
  "vix": 15.81,
  "dxy": 100.863,
  "us10y": 4.372,
  "gold": 4179.0,
  "dxy_30d_avg": 100.13736673990886,
  "gold_20d_avg": 4170.245007324219
}