{
  "timestamp": "2026-07-21T09:31:58.154913+00:00",
  "vix": 17.43,
  "dxy": 100.917,
  "us10y": 4.598,
  "gold": 4070.8999,
  "dxy_30d_avg": 100.73556696573893,
  "gold_20d_avg": 4062.160009765625
}