{
  "timestamp": "2026-06-25T17:19:16.646549+00:00",
  "vix": 19.13,
  "dxy": 101.398,
  "us10y": 4.382,
  "gold": 4046.3,
  "dxy_30d_avg": 99.71093343098958,
  "gold_20d_avg": 4293.670007324219
}