{
  "timestamp": "2026-06-24T04:20:24.973653+00:00",
  "vix": 19.49,
  "dxy": 101.498,
  "us10y": 4.493,
  "gold": 4074.8999,
  "dxy_30d_avg": 99.60360005696614,
  "gold_20d_avg": 4317.965002441406
}