{
  "timestamp": "2026-06-27T16:12:33.320606+00:00",
  "vix": 18.41,
  "dxy": 101.36,
  "us10y": 4.372,
  "gold": 4078.7,
  "dxy_30d_avg": 99.80799992879231,
  "gold_20d_avg": 4271.850012207031
}