{
  "timestamp": "2026-06-15T00:19:49.989042+00:00",
  "vix": 17.68,
  "dxy": 99.486,
  "us10y": 4.487,
  "gold": 4316.7002,
  "dxy_30d_avg": 99.08516693115234,
  "gold_20d_avg": 4409.924987792969
}