{
  "timestamp": "2026-06-13T11:21:52.553495+00:00",
  "vix": 17.68,
  "dxy": 99.75,
  "us10y": 4.487,
  "gold": 4215.0,
  "dxy_30d_avg": 99.04266688028972,
  "gold_20d_avg": 4421.884973144532
}