{
  "timestamp": "2026-06-20T16:25:20.246960+00:00",
  "vix": 18.44,
  "dxy": 100.849,
  "us10y": 4.451,
  "gold": 4172.8999,
  "dxy_30d_avg": 99.2736333211263,
  "gold_20d_avg": 4358.340002441406
}