{
  "timestamp": "2026-06-20T04:20:36.584211+00:00",
  "vix": 16.78,
  "dxy": 100.849,
  "us10y": 4.451,
  "gold": 4172.8999,
  "dxy_30d_avg": 99.36029993693033,
  "gold_20d_avg": 4358.340002441406
}