{
  "timestamp": "2026-06-30T09:54:42.736785+00:00",
  "vix": 17.61,
  "dxy": 101.365,
  "us10y": 4.372,
  "gold": 4030.8999,
  "dxy_30d_avg": 99.95220006306967,
  "gold_20d_avg": 4222.730004882813
}