{
  "timestamp": "2026-07-01T10:03:42.930313+00:00",
  "vix": 16.89,
  "dxy": 101.413,
  "us10y": 4.372,
  "gold": 3997.6001,
  "dxy_30d_avg": 100.02773361206054,
  "gold_20d_avg": 4197.75
}