{
  "timestamp": "2026-06-23T08:33:14.749688+00:00",
  "vix": 20.33,
  "dxy": 101.152,
  "us10y": 4.451,
  "gold": 4116.2998,
  "dxy_30d_avg": 99.47639999389648,
  "gold_20d_avg": 4338.504992675781
}