{
  "timestamp": "2026-07-17T20:11:02.099334+00:00",
  "vix": 18.35,
  "dxy": 100.72,
  "us10y": 4.541,
  "gold": 4017.8999,
  "dxy_30d_avg": 100.65363388061523,
  "gold_20d_avg": 4078.660009765625
}