{
  "timestamp": "2026-06-24T14:47:23.025440+00:00",
  "vix": 18.67,
  "dxy": 101.683,
  "us10y": 4.416,
  "gold": 4043.2,
  "dxy_30d_avg": 99.60976664225261,
  "gold_20d_avg": 4316.375
}