{
  "timestamp": "2026-06-09T03:22:24.375092+00:00",
  "vix": 18.92,
  "dxy": 99.968,
  "us10y": 4.552,
  "gold": 4362.5,
  "dxy_30d_avg": 98.91320037841797,
  "gold_20d_avg": 4509.00498046875
}