{
  "timestamp": "2026-07-20T15:56:14.745189+00:00",
  "vix": 17.91,
  "dxy": 101.013,
  "us10y": 4.594,
  "gold": 4018.5,
  "dxy_30d_avg": 100.70810038248698,
  "gold_20d_avg": 4068.1150024414064
}