{
  "timestamp": "2026-07-21T17:20:13.599558+00:00",
  "vix": 17.11,
  "dxy": 101.125,
  "us10y": 4.628,
  "gold": 4076.1001,
  "dxy_30d_avg": 100.74250030517578,
  "gold_20d_avg": 4062.42001953125
}