{
  "timestamp": "2026-06-19T10:51:02.147476+00:00",
  "vix": 17.17,
  "dxy": 100.817,
  "us10y": 4.487,
  "gold": 4169.3999,
  "dxy_30d_avg": 99.35926666259766,
  "gold_20d_avg": 4358.165002441407
}