{
  "timestamp": "2026-07-17T07:23:00.035965+00:00",
  "vix": 16.73,
  "dxy": 100.688,
  "us10y": 4.569,
  "gold": 3998.6001,
  "dxy_30d_avg": 100.65260060628255,
  "gold_20d_avg": 4077.7250122070313
}