{
  "timestamp": "2026-07-23T15:16:33.798024+00:00",
  "vix": 19.55,
  "dxy": 101.456,
  "us10y": 4.711,
  "gold": 4057.3,
  "dxy_30d_avg": 100.83223342895508,
  "gold_20d_avg": 4066.3850219726564
}