{
  "timestamp": "2026-06-24T17:10:44.945430+00:00",
  "vix": 18.97,
  "dxy": 101.551,
  "us10y": 4.41,
  "gold": 4024.8999,
  "dxy_30d_avg": 99.60536677042643,
  "gold_20d_avg": 4315.465002441406
}