{
  "timestamp": "2026-06-21T23:23:14.345636+00:00",
  "vix": 16.4,
  "dxy": 100.83,
  "us10y": 4.451,
  "gold": 4176.5,
  "dxy_30d_avg": 99.35966669718424,
  "gold_20d_avg": 4358.515002441406
}