{
  "timestamp": "2026-07-22T06:36:28.426918+00:00",
  "vix": 17.05,
  "dxy": 101.131,
  "us10y": 4.628,
  "gold": 4126.0,
  "dxy_30d_avg": 100.78036677042643,
  "gold_20d_avg": 4061.980029296875
}