{
  "timestamp": "2026-07-20T22:06:47.438715+00:00",
  "vix": 18.65,
  "dxy": 100.993,
  "us10y": 4.598,
  "gold": 4011.8,
  "dxy_30d_avg": 100.70746714274088,
  "gold_20d_avg": 4067.785009765625
}