{
  "timestamp": "2026-06-26T15:28:02.755768+00:00",
  "vix": 19.33,
  "dxy": 101.234,
  "us10y": 4.372,
  "gold": 4098.3999,
  "dxy_30d_avg": 99.80376663208008,
  "gold_20d_avg": 4272.805004882813
}