{
  "timestamp": "2026-06-18T00:21:22.123798+00:00",
  "vix": 18.44,
  "dxy": 100.299,
  "us10y": 4.463,
  "gold": 4315.6001,
  "dxy_30d_avg": 99.18626658121745,
  "gold_20d_avg": 4389.879992675781
}