{
  "timestamp": "2026-06-23T22:20:31.595783+00:00",
  "vix": 19.49,
  "dxy": 101.39,
  "us10y": 4.493,
  "gold": 4130.0,
  "dxy_30d_avg": 99.48433329264323,
  "gold_20d_avg": 4339.240002441406
}