{
  "timestamp": "2026-07-20T13:31:06.409515+00:00",
  "vix": 18.14,
  "dxy": 100.892,
  "us10y": 4.568,
  "gold": 4015.7,
  "dxy_30d_avg": 100.70406697591146,
  "gold_20d_avg": 4067.9550048828123
}