{
  "timestamp": "2026-07-21T09:51:37.726019+00:00",
  "vix": 17.56,
  "dxy": 100.914,
  "us10y": 4.598,
  "gold": 4066.5,
  "dxy_30d_avg": 100.73550033569336,
  "gold_20d_avg": 4061.9400146484377
}