{
  "timestamp": "2026-06-17T04:57:46.827463+00:00",
  "vix": 16.41,
  "dxy": 99.511,
  "us10y": 4.428,
  "gold": 4343.0,
  "dxy_30d_avg": 99.16003341674805,
  "gold_20d_avg": 4391.249987792969
}