{
  "timestamp": "2026-06-30T00:13:18.015103+00:00",
  "vix": 17.65,
  "dxy": 101.152,
  "us10y": 4.374,
  "gold": 4023.3,
  "dxy_30d_avg": 99.8837999979655,
  "gold_20d_avg": 4244.990014648438
}