{
  "timestamp": "2026-06-19T14:16:51.054669+00:00",
  "vix": 16.89,
  "dxy": 100.817,
  "us10y": 4.451,
  "gold": 4168.3999,
  "dxy_30d_avg": 99.27256673177084,
  "gold_20d_avg": 4358.115002441406
}