{
  "timestamp": "2026-06-17T17:12:52.260973+00:00",
  "vix": 16.89,
  "dxy": 99.686,
  "us10y": 4.428,
  "gold": 4377.2998,
  "dxy_30d_avg": 99.16586659749349,
  "gold_20d_avg": 4392.934997558594
}