{
  "timestamp": "2026-06-24T23:13:28.050517+00:00",
  "vix": 19.49,
  "dxy": 101.41,
  "us10y": 4.402,
  "gold": 4011.6001,
  "dxy_30d_avg": 99.48500010172526,
  "gold_20d_avg": 4314.790002441407
}