{
  "timestamp": "2026-06-17T13:48:37.178023+00:00",
  "vix": 16.47,
  "dxy": 99.62,
  "us10y": 4.434,
  "gold": 4357.2998,
  "dxy_30d_avg": 99.16359990437826,
  "gold_20d_avg": 4391.974987792969
}