{
  "timestamp": "2026-07-24T04:20:15.531296+00:00",
  "vix": 18.7,
  "dxy": 101.402,
  "us10y": 4.703,
  "gold": 4031.5,
  "dxy_30d_avg": 100.87973353068034,
  "gold_20d_avg": 4065.8850219726564
}