{
  "timestamp": "2026-06-27T18:10:50.820459+00:00",
  "vix": 18.89,
  "dxy": 101.43,
  "us10y": 4.372,
  "gold": 4078.7,
  "dxy_30d_avg": 99.71200002034506,
  "gold_20d_avg": 4271.850012207031
}