{
  "timestamp": "2026-07-22T17:12:40.810645+00:00",
  "vix": 16.72,
  "dxy": 101.134,
  "us10y": 4.648,
  "gold": 4151.6001,
  "dxy_30d_avg": 100.78043365478516,
  "gold_20d_avg": 4063.255029296875
}