{
  "timestamp": "2026-06-11T23:43:58.586660+00:00",
  "vix": 19.44,
  "dxy": 99.675,
  "us10y": 4.463,
  "gold": 4240.6001,
  "dxy_30d_avg": 98.98083368937175,
  "gold_20d_avg": 4452.55498046875
}