{
  "timestamp": "2026-06-22T23:25:55.009974+00:00",
  "vix": 17.28,
  "dxy": 100.996,
  "us10y": 4.509,
  "gold": 4208.8999,
  "dxy_30d_avg": 99.36520004272461,
  "gold_20d_avg": 4360.140002441406
}