{
  "timestamp": "2026-07-22T14:12:07.151726+00:00",
  "vix": 16.92,
  "dxy": 101.077,
  "us10y": 4.64,
  "gold": 4166.2998,
  "dxy_30d_avg": 100.77863362630208,
  "gold_20d_avg": 4063.9650146484373
}