{
  "timestamp": "2026-06-26T21:24:55.304325+00:00",
  "vix": 18.41,
  "dxy": 101.366,
  "us10y": 4.372,
  "gold": 4103.0,
  "dxy_30d_avg": 99.80819981892904,
  "gold_20d_avg": 4273.065014648438
}