{
  "timestamp": "2026-07-22T17:03:33.126885+00:00",
  "vix": 16.78,
  "dxy": 101.139,
  "us10y": 4.65,
  "gold": 4152.5,
  "dxy_30d_avg": 100.78063354492187,
  "gold_20d_avg": 4063.3000244140626
}