{
  "timestamp": "2026-07-22T18:07:31.578991+00:00",
  "vix": 16.8,
  "dxy": 101.143,
  "us10y": 4.654,
  "gold": 4148.2002,
  "dxy_30d_avg": 100.7808001200358,
  "gold_20d_avg": 4063.0850341796877
}