{
  "timestamp": "2026-07-23T21:12:54.930958+00:00",
  "vix": 18.7,
  "dxy": 101.451,
  "us10y": 4.703,
  "gold": 4052.3,
  "dxy_30d_avg": 100.83203328450521,
  "gold_20d_avg": 4066.12001953125
}