{
  "timestamp": "2026-06-28T23:11:44.094676+00:00",
  "vix": 18.41,
  "dxy": 101.358,
  "us10y": 4.372,
  "gold": 4081.3999,
  "dxy_30d_avg": 99.89060007731119,
  "gold_20d_avg": 4247.895007324219
}