{
  "timestamp": "2026-06-30T15:37:14.524786+00:00",
  "vix": 16.92,
  "dxy": 101.135,
  "us10y": 4.406,
  "gold": 4044.2,
  "dxy_30d_avg": 99.94446690877278,
  "gold_20d_avg": 4223.390002441406
}