{
  "timestamp": "2026-07-03T04:49:10.804534+00:00",
  "vix": 16.15,
  "dxy": 100.78,
  "us10y": 4.485,
  "gold": 4189.2002,
  "dxy_30d_avg": 100.13466669718424,
  "gold_20d_avg": 4170.755017089844
}