{
  "timestamp": "2026-06-18T06:02:07.887058+00:00",
  "vix": 18.44,
  "dxy": 100.3,
  "us10y": 4.487,
  "gold": 4323.6001,
  "dxy_30d_avg": 99.25533345540364,
  "gold_20d_avg": 4381.644982910157
}