{
  "timestamp": "2026-07-02T08:20:31.990358+00:00",
  "vix": 16.85,
  "dxy": 100.99,
  "us10y": 4.372,
  "gold": 4086.0,
  "dxy_30d_avg": 100.08333333333333,
  "gold_20d_avg": 4183.749987792969
}