{
  "timestamp": "2026-06-17T09:56:46.063023+00:00",
  "vix": 16.33,
  "dxy": 99.585,
  "us10y": 4.487,
  "gold": 4348.3999,
  "dxy_30d_avg": 99.1625,
  "gold_20d_avg": 4391.519982910157
}