{
  "timestamp": "2026-06-10T04:24:02.366959+00:00",
  "vix": 19.87,
  "dxy": 99.927,
  "us10y": 4.528,
  "gold": 4205.2002,
  "dxy_30d_avg": 98.91193364461263,
  "gold_20d_avg": 4480.25498046875
}