{
  "timestamp": "2026-07-17T16:20:51.634233+00:00",
  "vix": 18.17,
  "dxy": 100.758,
  "us10y": 4.545,
  "gold": 4024.3999,
  "dxy_30d_avg": 100.65496724446615,
  "gold_20d_avg": 4078.980017089844
}