{
  "timestamp": "2026-06-19T05:08:16.668278+00:00",
  "vix": 16.4,
  "dxy": 101.061,
  "us10y": 4.487,
  "gold": 4143.8999,
  "dxy_30d_avg": 99.36739985148112,
  "gold_20d_avg": 4356.890002441406
}