{
  "timestamp": "2026-07-24T12:23:45.868887+00:00",
  "vix": 18.71,
  "dxy": 101.423,
  "us10y": 4.703,
  "gold": 4058.6001,
  "dxy_30d_avg": 100.88036677042643,
  "gold_20d_avg": 4067.240026855469
}