{
  "timestamp": "2026-07-22T20:16:09.906928+00:00",
  "vix": 19.49,
  "dxy": 101.12,
  "us10y": 4.657,
  "gold": 4137.6001,
  "dxy_30d_avg": 100.78000030517578,
  "gold_20d_avg": 4062.555029296875
}