{
  "timestamp": "2026-07-21T17:19:17.810776+00:00",
  "vix": 17.12,
  "dxy": 101.122,
  "us10y": 4.628,
  "gold": 4076.0,
  "dxy_30d_avg": 100.74240036010742,
  "gold_20d_avg": 4062.4150146484376
}