{
  "timestamp": "2026-07-22T12:46:56.674865+00:00",
  "vix": 17.59,
  "dxy": 101.096,
  "us10y": 4.638,
  "gold": 4131.6001,
  "dxy_30d_avg": 100.77913360595703,
  "gold_20d_avg": 4062.27001953125
}