{
  "timestamp": "2026-07-22T22:10:46.619829+00:00",
  "vix": 16.64,
  "dxy": 101.135,
  "us10y": 4.657,
  "gold": 4122.2002,
  "dxy_30d_avg": 100.78053359985351,
  "gold_20d_avg": 4061.7400146484374
}