{
  "timestamp": "2026-06-22T21:08:17.975050+00:00",
  "vix": 17.28,
  "dxy": 101.002,
  "us10y": 4.509,
  "gold": 4210.3999,
  "dxy_30d_avg": 99.36539993286132,
  "gold_20d_avg": 4360.215002441406
}