{
  "timestamp": "2026-06-09T20:39:55.289303+00:00",
  "vix": 19.87,
  "dxy": 99.951,
  "us10y": 4.528,
  "gold": 4283.0,
  "dxy_30d_avg": 98.91270014444987,
  "gold_20d_avg": 4505.02998046875
}