{
  "timestamp": "2026-06-30T05:11:41.112898+00:00",
  "vix": 17.65,
  "dxy": 101.372,
  "us10y": 4.372,
  "gold": 4001.7,
  "dxy_30d_avg": 99.95233357747396,
  "gold_20d_avg": 4221.265002441406
}