{
  "timestamp": "2026-06-23T18:05:53.830450+00:00",
  "vix": 18.77,
  "dxy": 101.398,
  "us10y": 4.489,
  "gold": 4146.7998,
  "dxy_30d_avg": 99.48463338216146,
  "gold_20d_avg": 4340.079992675781
}