{
  "timestamp": "2026-07-23T04:20:44.790610+00:00",
  "vix": 16.64,
  "dxy": 100.945,
  "us10y": 4.657,
  "gold": 4126.3999,
  "dxy_30d_avg": 100.81516672770182,
  "gold_20d_avg": 4069.8250122070312
}