{
  "timestamp": "2026-06-29T17:44:35.294365+00:00",
  "vix": 17.8,
  "dxy": 101.128,
  "us10y": 4.38,
  "gold": 4038.0,
  "dxy_30d_avg": 99.88293329874675,
  "gold_20d_avg": 4245.730017089843
}