{
  "timestamp": "2026-06-15T13:22:47.344429+00:00",
  "vix": 16.38,
  "dxy": 99.477,
  "us10y": 4.451,
  "gold": 4370.1001,
  "dxy_30d_avg": 99.0849001566569,
  "gold_20d_avg": 4412.599987792969
}