{
  "timestamp": "2026-06-11T12:11:20.134933+00:00",
  "vix": 20.78,
  "dxy": 100.053,
  "us10y": 4.542,
  "gold": 4101.5,
  "dxy_30d_avg": 98.99340031941732,
  "gold_20d_avg": 4445.5999755859375
}