{
  "timestamp": "2026-07-24T10:25:44.664563+00:00",
  "vix": 18.77,
  "dxy": 101.363,
  "us10y": 4.703,
  "gold": 4060.8,
  "dxy_30d_avg": 100.87840016682942,
  "gold_20d_avg": 4067.3500244140623
}