{
  "timestamp": "2026-07-19T22:58:17.503667+00:00",
  "vix": 18.77,
  "dxy": 100.84,
  "us10y": 4.541,
  "gold": 4002.0,
  "dxy_30d_avg": 100.70233357747396,
  "gold_20d_avg": 4067.2950073242187
}