{
  "timestamp": "2026-07-25T00:10:13.102635+00:00",
  "vix": 18.58,
  "dxy": 101.465,
  "us10y": 4.679,
  "gold": 4055.7,
  "dxy_30d_avg": 100.88183339436848,
  "gold_20d_avg": 4067.09501953125
}