{
  "timestamp": "2026-06-24T08:28:02.798935+00:00",
  "vix": 19.21,
  "dxy": 101.638,
  "us10y": 4.451,
  "gold": 4092.5,
  "dxy_30d_avg": 99.60826670328775,
  "gold_20d_avg": 4318.875
}