{
  "timestamp": "2026-07-17T07:00:29.341499+00:00",
  "vix": 16.73,
  "dxy": 100.694,
  "us10y": 4.569,
  "gold": 4002.1001,
  "dxy_30d_avg": 100.65286712646484,
  "gold_20d_avg": 4077.87001953125
}