{
  "timestamp": "2026-07-22T23:08:49.512715+00:00",
  "vix": 16.64,
  "dxy": 101.141,
  "us10y": 4.657,
  "gold": 4127.2998,
  "dxy_30d_avg": 100.78070017496745,
  "gold_20d_avg": 4062.0400146484376
}