{
  "timestamp": "2026-07-18T16:03:34.109460+00:00",
  "vix": 18.77,
  "dxy": 100.75,
  "us10y": 4.541,
  "gold": 4012.7,
  "dxy_30d_avg": 100.65466715494792,
  "gold_20d_avg": 4078.400012207031
}