{
  "timestamp": "2026-06-25T08:28:05.598290+00:00",
  "vix": 17.99,
  "dxy": 101.519,
  "us10y": 4.451,
  "gold": 4009.3,
  "dxy_30d_avg": 99.71496658325195,
  "gold_20d_avg": 4291.820007324219
}