{
  "timestamp": "2026-07-17T21:59:26.664100+00:00",
  "vix": 18.77,
  "dxy": 100.755,
  "us10y": 4.541,
  "gold": 4023.0,
  "dxy_30d_avg": 100.65483373006185,
  "gold_20d_avg": 4078.9150146484376
}