{
  "timestamp": "2026-07-20T06:54:49.486805+00:00",
  "vix": 18.77,
  "dxy": 100.75,
  "us10y": 4.541,
  "gold": 4008.6001,
  "dxy_30d_avg": 100.69933369954427,
  "gold_20d_avg": 4067.6250122070314
}