{
  "timestamp": "2026-06-16T17:11:31.459517+00:00",
  "vix": 16.0,
  "dxy": 99.518,
  "us10y": 4.426,
  "gold": 4359.5,
  "dxy_30d_avg": 99.12493336995443,
  "gold_20d_avg": 4400.844982910156
}