{
  "timestamp": "2026-07-17T12:15:54.883170+00:00",
  "vix": 18.08,
  "dxy": 100.801,
  "us10y": 4.569,
  "gold": 3992.8,
  "dxy_30d_avg": 100.65633392333984,
  "gold_20d_avg": 4077.410009765625
}