{
  "timestamp": "2026-07-22T06:34:53.973323+00:00",
  "vix": 17.05,
  "dxy": 101.12,
  "us10y": 4.628,
  "gold": 4130.2998,
  "dxy_30d_avg": 100.78000030517578,
  "gold_20d_avg": 4062.1900146484377
}