{
  "timestamp": "2026-06-09T08:36:20.421993+00:00",
  "vix": 18.14,
  "dxy": 99.91,
  "us10y": 4.552,
  "gold": 4355.2998,
  "dxy_30d_avg": 98.91133371988933,
  "gold_20d_avg": 4508.644970703125
}