{
  "timestamp": "2026-06-29T14:11:50.096097+00:00",
  "vix": 18.36,
  "dxy": 101.205,
  "us10y": 4.371,
  "gold": 4046.0,
  "dxy_30d_avg": 99.88546676635742,
  "gold_20d_avg": 4246.125012207031
}