{
  "timestamp": "2026-07-17T06:44:46.043039+00:00",
  "vix": 16.73,
  "dxy": 100.679,
  "us10y": 4.569,
  "gold": 4009.8,
  "dxy_30d_avg": 100.6523338317871,
  "gold_20d_avg": 4078.255017089844
}