{
  "timestamp": "2026-07-17T06:20:58.359395+00:00",
  "vix": 16.73,
  "dxy": 100.754,
  "us10y": 4.569,
  "gold": 3998.7,
  "dxy_30d_avg": 100.65476710001627,
  "gold_20d_avg": 4077.7000122070312
}