{
  "timestamp": "2026-07-02T11:39:32.938177+00:00",
  "vix": 16.62,
  "dxy": 101.039,
  "us10y": 4.372,
  "gold": 4077.5,
  "dxy_30d_avg": 100.08493347167969,
  "gold_20d_avg": 4183.324987792968
}