{
  "timestamp": "2026-06-29T22:15:16.735538+00:00",
  "vix": 17.65,
  "dxy": 101.111,
  "us10y": 4.374,
  "gold": 4032.8999,
  "dxy_30d_avg": 99.88236668904622,
  "gold_20d_avg": 4245.475012207031
}