{
  "timestamp": "2026-06-16T23:40:43.043952+00:00",
  "vix": 16.41,
  "dxy": 99.54,
  "us10y": 4.428,
  "gold": 4356.1001,
  "dxy_30d_avg": 99.12566680908203,
  "gold_20d_avg": 4400.674987792969
}