{
  "timestamp": "2026-07-22T18:05:29.045710+00:00",
  "vix": 16.82,
  "dxy": 101.142,
  "us10y": 4.654,
  "gold": 4147.3999,
  "dxy_30d_avg": 100.78066685994466,
  "gold_20d_avg": 4063.04501953125
}