{
  "timestamp": "2026-06-09T19:22:52.579635+00:00",
  "vix": 19.39,
  "dxy": 99.934,
  "us10y": 4.528,
  "gold": 4285.5,
  "dxy_30d_avg": 98.91213353474934,
  "gold_20d_avg": 4505.149975585938
}