{
  "timestamp": "2026-06-26T12:17:50.023909+00:00",
  "vix": 20.09,
  "dxy": 101.23,
  "us10y": 4.451,
  "gold": 4061.6001,
  "dxy_30d_avg": 99.80376663208008,
  "gold_20d_avg": 4270.985009765625
}