{
  "timestamp": "2026-06-16T09:35:52.185167+00:00",
  "vix": 16.13,
  "dxy": 99.612,
  "us10y": 4.487,
  "gold": 4361.7002,
  "dxy_30d_avg": 99.08943354288736,
  "gold_20d_avg": 4400.954992675781
}