{
  "timestamp": "2026-07-20T13:09:21.501703+00:00",
  "vix": 18.15,
  "dxy": 100.862,
  "us10y": 4.561,
  "gold": 4012.6001,
  "dxy_30d_avg": 100.70306701660157,
  "gold_20d_avg": 4067.8250122070312
}