{
  "timestamp": "2026-07-24T13:18:43.277121+00:00",
  "vix": 18.91,
  "dxy": 101.517,
  "us10y": 4.683,
  "gold": 4049.3999,
  "dxy_30d_avg": 100.88350016276041,
  "gold_20d_avg": 4066.7800170898436
}