{
  "timestamp": "2026-06-10T22:11:14.705052+00:00",
  "vix": 22.22,
  "dxy": 100.043,
  "us10y": 4.542,
  "gold": 4092.3,
  "dxy_30d_avg": 98.95880025227865,
  "gold_20d_avg": 4474.634973144532
}