{
  "timestamp": "2026-07-23T17:38:40.884195+00:00",
  "vix": 19.3,
  "dxy": 101.437,
  "us10y": 4.699,
  "gold": 4049.8999,
  "dxy_30d_avg": 100.83160018920898,
  "gold_20d_avg": 4066.0100219726564
}