{
  "timestamp": "2026-06-09T14:50:09.871442+00:00",
  "vix": 18.37,
  "dxy": 99.801,
  "us10y": 4.538,
  "gold": 4330.2998,
  "dxy_30d_avg": 98.90770034790039,
  "gold_20d_avg": 4507.389990234375
}