{
  "timestamp": "2026-06-15T23:52:50.766769+00:00",
  "vix": 16.2,
  "dxy": 99.662,
  "us10y": 4.469,
  "gold": 4336.7998,
  "dxy_30d_avg": 99.09106699625652,
  "gold_20d_avg": 4410.934973144531
}