{
  "timestamp": "2026-07-20T13:21:04.234035+00:00",
  "vix": 18.08,
  "dxy": 100.888,
  "us10y": 4.564,
  "gold": 4012.2,
  "dxy_30d_avg": 100.70390040079752,
  "gold_20d_avg": 4067.8400024414063
}