{
  "timestamp": "2026-06-12T21:56:22.774400+00:00",
  "vix": 17.68,
  "dxy": 99.807,
  "us10y": 4.487,
  "gold": 4239.8999,
  "dxy_30d_avg": 99.04456685384115,
  "gold_20d_avg": 4423.129968261719
}