{
  "timestamp": "2026-06-15T18:43:59.340259+00:00",
  "vix": 16.23,
  "dxy": 99.619,
  "us10y": 4.469,
  "gold": 4344.2002,
  "dxy_30d_avg": 99.08963368733724,
  "gold_20d_avg": 4411.329992675781
}