{
  "timestamp": "2026-07-04T00:12:37.842331+00:00",
  "vix": 15.81,
  "dxy": 100.857,
  "us10y": 4.372,
  "gold": 4187.2998,
  "dxy_30d_avg": 100.13723347981771,
  "gold_20d_avg": 4170.659997558594
}