{
  "timestamp": "2026-07-21T16:59:16.475211+00:00",
  "vix": 17.11,
  "dxy": 101.109,
  "us10y": 4.63,
  "gold": 4076.1001,
  "dxy_30d_avg": 100.74200032552083,
  "gold_20d_avg": 4062.42001953125
}