{
  "timestamp": "2026-06-15T21:47:26.989831+00:00",
  "vix": 16.2,
  "dxy": 99.664,
  "us10y": 4.469,
  "gold": 4331.0,
  "dxy_30d_avg": 99.09113362630208,
  "gold_20d_avg": 4410.644982910157
}