{
  "timestamp": "2026-06-11T03:04:29.728838+00:00",
  "vix": 22.22,
  "dxy": 99.961,
  "us10y": 4.542,
  "gold": 4083.2,
  "dxy_30d_avg": 98.95603357950846,
  "gold_20d_avg": 4444.684973144531
}