{
  "timestamp": "2026-07-01T18:04:36.204687+00:00",
  "vix": 16.3,
  "dxy": 101.383,
  "us10y": 4.461,
  "gold": 4084.0,
  "dxy_30d_avg": 100.02673365275065,
  "gold_20d_avg": 4202.064990234375
}