{
  "timestamp": "2026-07-21T10:11:51.456385+00:00",
  "vix": 17.53,
  "dxy": 100.926,
  "us10y": 4.598,
  "gold": 4070.6001,
  "dxy_30d_avg": 100.73586705525716,
  "gold_20d_avg": 4062.14501953125
}