{
  "timestamp": "2026-06-18T11:13:08.728796+00:00",
  "vix": 17.2,
  "dxy": 100.742,
  "us10y": 4.487,
  "gold": 4268.8999,
  "dxy_30d_avg": 99.27009989420573,
  "gold_20d_avg": 4378.965002441406
}