{
  "timestamp": "2026-07-21T06:35:32.818665+00:00",
  "vix": 18.65,
  "dxy": 100.905,
  "us10y": 4.598,
  "gold": 4078.1001,
  "dxy_30d_avg": 100.73523356119792,
  "gold_20d_avg": 4062.505017089844
}