{
  "timestamp": "2026-06-09T16:09:37.292770+00:00",
  "vix": 20.23,
  "dxy": 99.858,
  "us10y": 4.54,
  "gold": 4300.2002,
  "dxy_30d_avg": 98.90960032145182,
  "gold_20d_avg": 4505.834985351563
}