{
  "timestamp": "2026-06-10T19:41:38.530183+00:00",
  "vix": 22.22,
  "dxy": 99.98,
  "us10y": 4.542,
  "gold": 4111.6001,
  "dxy_30d_avg": 98.95666707356771,
  "gold_20d_avg": 4475.57998046875
}