{
  "timestamp": "2026-07-23T22:59:37.145503+00:00",
  "vix": 18.7,
  "dxy": 101.437,
  "us10y": 4.703,
  "gold": 4051.3999,
  "dxy_30d_avg": 100.83156661987304,
  "gold_20d_avg": 4066.0750122070312
}