{
  "timestamp": "2026-07-22T17:51:41.256128+00:00",
  "vix": 16.81,
  "dxy": 101.15,
  "us10y": 4.657,
  "gold": 4144.2002,
  "dxy_30d_avg": 100.78103357950846,
  "gold_20d_avg": 4062.905029296875
}