{
  "timestamp": "2026-07-02T18:40:16.505979+00:00",
  "vix": 16.83,
  "dxy": 100.861,
  "us10y": 4.485,
  "gold": 4136.5,
  "dxy_30d_avg": 100.07903340657552,
  "gold_20d_avg": 4186.274987792969
}