{
  "timestamp": "2026-07-21T20:21:35.238047+00:00",
  "vix": 17.05,
  "dxy": 101.183,
  "us10y": 4.628,
  "gold": 4089.3,
  "dxy_30d_avg": 100.74443359375,
  "gold_20d_avg": 4063.0800170898438
}