{
  "timestamp": "2026-06-26T20:00:33.142264+00:00",
  "vix": 18.52,
  "dxy": 101.351,
  "us10y": 4.372,
  "gold": 4085.3,
  "dxy_30d_avg": 99.8076998392741,
  "gold_20d_avg": 4272.210009765625
}