{
  "timestamp": "2026-07-20T23:03:44.506370+00:00",
  "vix": 18.65,
  "dxy": 100.999,
  "us10y": 4.598,
  "gold": 4005.8999,
  "dxy_30d_avg": 100.70763371785482,
  "gold_20d_avg": 4067.540002441406
}