{
  "timestamp": "2026-07-24T00:07:28.843515+00:00",
  "vix": 18.7,
  "dxy": 101.452,
  "us10y": 4.703,
  "gold": 4050.5,
  "dxy_30d_avg": 100.83210016886393,
  "gold_20d_avg": 4066.0300170898436
}