{
  "timestamp": "2026-07-22T18:02:41.348453+00:00",
  "vix": 16.81,
  "dxy": 101.133,
  "us10y": 4.654,
  "gold": 4148.3999,
  "dxy_30d_avg": 100.78043365478516,
  "gold_20d_avg": 4063.09501953125
}