{
  "timestamp": "2026-07-21T23:01:03.202945+00:00",
  "vix": 17.05,
  "dxy": 101.192,
  "us10y": 4.628,
  "gold": 4084.8999,
  "dxy_30d_avg": 100.74473368326822,
  "gold_20d_avg": 4062.860009765625
}