{
  "timestamp": "2026-06-15T06:31:42.775508+00:00",
  "vix": 17.68,
  "dxy": 99.495,
  "us10y": 4.487,
  "gold": 4325.3999,
  "dxy_30d_avg": 99.08543345133464,
  "gold_20d_avg": 4410.364978027344
}