{
  "timestamp": "2026-07-19T13:39:57.032630+00:00",
  "vix": 18.77,
  "dxy": 100.75,
  "us10y": 4.541,
  "gold": 4018.8,
  "dxy_30d_avg": 100.65466715494792,
  "gold_20d_avg": 4078.7050170898438
}