{
  "timestamp": "2026-07-03T08:15:14.907229+00:00",
  "vix": 15.87,
  "dxy": 100.705,
  "us10y": 4.372,
  "gold": 4196.7998,
  "dxy_30d_avg": 100.13216679890951,
  "gold_20d_avg": 4171.134997558594
}