{
  "timestamp": "2026-06-16T05:18:27.945082+00:00",
  "vix": 17.68,
  "dxy": 99.752,
  "us10y": 4.487,
  "gold": 4348.2998,
  "dxy_30d_avg": 99.0940668741862,
  "gold_20d_avg": 4400.284973144531
}