{
  "timestamp": "2026-06-24T11:50:41.851575+00:00",
  "vix": 19.07,
  "dxy": 101.632,
  "us10y": 4.451,
  "gold": 4065.3,
  "dxy_30d_avg": 99.6080332438151,
  "gold_20d_avg": 4317.459997558593
}