{
  "timestamp": "2026-07-21T15:55:49.664899+00:00",
  "vix": 17.21,
  "dxy": 101.134,
  "us10y": 4.622,
  "gold": 4079.1001,
  "dxy_30d_avg": 100.74283370971679,
  "gold_20d_avg": 4062.59501953125
}