{
  "timestamp": "2026-06-26T05:15:21.485556+00:00",
  "vix": 18.89,
  "dxy": 101.394,
  "us10y": 4.451,
  "gold": 4025.6001,
  "dxy_30d_avg": 99.80909983317058,
  "gold_20d_avg": 4269.19501953125
}