{
  "timestamp": "2026-06-12T04:48:59.651448+00:00",
  "vix": 19.44,
  "dxy": 99.758,
  "us10y": 4.463,
  "gold": 4217.8999,
  "dxy_30d_avg": 99.04293365478516,
  "gold_20d_avg": 4422.054968261718
}