{
  "timestamp": "2026-07-22T16:25:37.317456+00:00",
  "vix": 16.78,
  "dxy": 101.139,
  "us10y": 4.646,
  "gold": 4159.7998,
  "dxy_30d_avg": 100.78063354492187,
  "gold_20d_avg": 4063.6650146484376
}