{
  "timestamp": "2026-06-18T23:52:09.348973+00:00",
  "vix": 16.4,
  "dxy": 100.814,
  "us10y": 4.451,
  "gold": 4214.1001,
  "dxy_30d_avg": 99.27246678670248,
  "gold_20d_avg": 4376.184997558594
}