{
  "timestamp": "2026-06-09T04:12:57.835827+00:00",
  "vix": 18.92,
  "dxy": 99.98,
  "us10y": 4.552,
  "gold": 4359.2002,
  "dxy_30d_avg": 98.91366704305013,
  "gold_20d_avg": 4508.82998046875
}