{
  "timestamp": "2026-06-26T17:57:38.035381+00:00",
  "vix": 18.86,
  "dxy": 101.344,
  "us10y": 4.376,
  "gold": 4090.1001,
  "dxy_30d_avg": 99.8074333190918,
  "gold_20d_avg": 4272.42001953125
}