{
  "timestamp": "2026-06-14T22:18:24.394628+00:00",
  "vix": 17.68,
  "dxy": 99.44,
  "us10y": 4.487,
  "gold": 4238.7998,
  "dxy_30d_avg": 99.08363367716471,
  "gold_20d_avg": 4406.034973144531
}