{
  "timestamp": "2026-07-24T07:36:29.455937+00:00",
  "vix": 18.84,
  "dxy": 101.277,
  "us10y": 4.703,
  "gold": 4051.7,
  "dxy_30d_avg": 100.87556686401368,
  "gold_20d_avg": 4066.89501953125
}