{
  "timestamp": "2026-06-26T00:16:58.237153+00:00",
  "vix": 18.89,
  "dxy": 101.5,
  "us10y": 4.392,
  "gold": 4030.5,
  "dxy_30d_avg": 99.71433334350586,
  "gold_20d_avg": 4292.8800048828125
}