{
  "timestamp": "2026-06-23T14:38:41.609133+00:00",
  "vix": 19.14,
  "dxy": 101.368,
  "us10y": 4.481,
  "gold": 4148.5,
  "dxy_30d_avg": 99.48363342285157,
  "gold_20d_avg": 4340.165002441407
}