{
  "timestamp": "2026-06-29T20:12:27.342825+00:00",
  "vix": 17.55,
  "dxy": 101.103,
  "us10y": 4.374,
  "gold": 4029.8,
  "dxy_30d_avg": 99.88209991455078,
  "gold_20d_avg": 4245.315014648438
}